Year,Industry_aggregation_NZSIOC,Industry_code_NZSIOC,Industry_name_NZSIOC,Units,Variable_code,Variable_name,Variable_category,Value,Industry_code_ANZSIC06
2019,Level 1,99999,All industries,Dollars (millions),H01,Total income,Financial performance,"728,239","ANZSIC06 divisions A-S (excluding classes K6330, L6711, O7552, O760, O771, O772, S9540, S9601, S9602, and S9603)"
2019,Level 1,99999,All industries,Dollars (millions),H04,"Sales, government funding, grants and subsidies",Financial performance,"643,809","ANZSIC06 divisions A-S (excluding classes K6330, L6711, O7552, O760, O771, O772, S9540, S9601, S9602, and S9603)"
2019,Level 1,99999,All industries,Dollars (millions),H05,"Interest, dividends and donations",Financial performance,"62,924","ANZSIC06 divisions A-S (excluding classes K6330, L6711, O7552, O760, O771, O772, S9540, S9601, S9602, and S9603)"
2019,Level 4,MN213,"Building Cleaning, Pest Control and Other Support Services",Percentage,H36,Current ratio,Financial ratios,105,ANZSIC06 groups N731 and N732
2019,Level 4,MN213,"Building Cleaning, Pest Control and Other Support Services",Percentage,H37,Quick ratio,Financial ratios,93,ANZSIC06 groups N731 and N732
2019,Level 4,MN213,"Building Cleaning, Pest Control and Other Support Services",Percentage,H39,Return on equity,Financial ratios,31,ANZSIC06 groups N731 and N732
2019,Level 4,MN213,"Building Cleaning, Pest Control and Other Support Services",Percentage,H40,Return on total assets,Financial ratios,12,ANZSIC06 groups N731 and N732
2019,Level 4,MN213,"Building Cleaning, Pest Control and Other Support Services",Percentage,H41,Liabilities structure,Financial ratios,40,ANZSIC06 groups N731 and N732
2019,Level 1,OO,"Public Order, Safety and Regulatory Services",Dollars (millions),H01,Total income,Financial performance,"1,557","ANZSIC06 division O (excluding classes O751, O752, O753, O754, O755, O760, and O7711)"
2019,Level 1,OO,"Public Order, Safety and Regulatory Services",Dollars (millions),H04,Sales of goods and services,Financial performance,"1,514","ANZSIC06 division O (excluding classes O751, O752, O753, O754, O755, O760, and O7711)"
2019,Level 1,OO,"Public Order, Safety and Regulatory Services",Dollars (millions),H05,"Interest, dividends and donations",Financial performance,24,"ANZSIC06 division O (excluding classes O751, O752, O753, O754, O755, O760, and O7711)"
2019,Level 1,OO,"Public Order, Safety and Regulatory Services",Dollars (millions),H06,"Government funding, grants and subsidies",Financial performance,C,"ANZSIC06 division O (excluding classes O751, O752, O753, O754, O755, O760, and O7711)"
2019,Level 1,OO,"Public Order, Safety and Regulatory Services",Dollars (millions),H07,Non-operating income,Financial performance,C,"ANZSIC06 division O (excluding classes O751, O752, O753, O754, O755, O760, and O7711)"
2019,Level 1,OO,"Public Order, Safety and Regulatory Services",Dollars (millions),H08,Total expenditure,Financial performance,"1,443","ANZSIC06 division O (excluding classes O751, O752, O753, O754, O755, O760, and O7711)"
2019,Level 1,OO,"Public Order, Safety and Regulatory Services",Dollars (millions),H09,Interest and donations,Financial performance,39,"ANZSIC06 division O (excluding classes O751, O752, O753, O754, O755, O760, and O7711)"
2019,Level 1,OO,"Public Order, Safety and Regulatory Services",Dollars (millions),H10,Indirect taxes,Financial performance,7,"ANZSIC06 division O (excluding classes O751, O752, O753, O754, O755, O760, and O7711)"
2019,Level 1,OO,"Public Order, Safety and Regulatory Services",Dollars (millions),H11,Depreciation,Financial performance,41,"ANZSIC06 division O (excluding classes O751, O752, O753, O754, O755, O760, and O7711)"
2019,Level 1,OO,"Public Order, Safety and Regulatory Services",Dollars (millions),H12,Salaries and wages paid,Financial performance,710,"ANZSIC06 division O (excluding classes O751, O752, O753, O754, O755, O760, and O7711)"
2019,Level 1,OO,"Public Order, Safety and Regulatory Services",Dollars (millions),H13,Redundancy and severance,Financial performance,0,"ANZSIC06 division O (excluding classes O751, O752, O753, O754, O755, O760, and O7711)"
2019,Level 1,OO,"Public Order, Safety and Regulatory Services",Dollars (millions),H19,Purchases and other operating expenses,Financial performance,640,"ANZSIC06 division O (excluding classes O751, O752, O753, O754, O755, O760, and O7711)"
2019,Level 1,OO,"Public Order, Safety and Regulatory Services",Dollars (millions),H20,Non-operating expenses,Financial performance,6,"ANZSIC06 division O (excluding classes O751, O752, O753, O754, O755, O760, and O7711)"
2019,Level 1,OO,"Public Order, Safety and Regulatory Services",Dollars (millions),H21,Opening stocks,Financial performance,19,"ANZSIC06 division O (excluding classes O751, O752, O753, O754, O755, O760, and O7711)"
2019,Level 1,OO,"Public Order, Safety and Regulatory Services",Dollars (millions),H22,Closing stocks,Financial performance,24,"ANZSIC06 division O (excluding classes O751, O752, O753, O754, O755, O760, and O7711)"
2019,Level 1,OO,"Public Order, Safety and Regulatory Services",Dollars (millions),H23,Surplus before income tax,Financial performance,119,"ANZSIC06 division O (excluding classes O751, O752, O753, O754, O755, O760, and O7711)"
2019,Level 1,OO,"Public Order, Safety and Regulatory Services",Dollars (millions),H24,Total assets,Financial position,"1,529","ANZSIC06 division O (excluding classes O751, O752, O753, O754, O755, O760, and O7711)"
2019,Level 1,OO,"Public Order, Safety and Regulatory Services",Dollars (millions),H25,Current assets,Financial position,504,"ANZSIC06 division O (excluding classes O751, O752, O753, O754, O755, O760, and O7711)"
2019,Level 1,OO,"Public Order, Safety and Regulatory Services",Dollars (millions),H26,Fixed tangible assets,Financial position,217,"ANZSIC06 division O (excluding classes O751, O752, O753, O754, O755, O760, and O7711)"
2019,Level 1,OO,"Public Order, Safety and Regulatory Services",Dollars (millions),H27,Additions to fixed assets,Financial position,64,"ANZSIC06 division O (excluding classes O751, O752, O753, O754, O755, O760, and O7711)"
2019,Level 1,OO,"Public Order, Safety and Regulatory Services",Dollars (millions),H28,Disposals of fixed assets,Financial position,15,"ANZSIC06 division O (excluding classes O751, O752, O753, O754, O755, O760, and O7711)"
2019,Level 1,OO,"Public Order, Safety and Regulatory Services",Dollars (millions),H29,Other assets,Financial position,808,"ANZSIC06 division O (excluding classes O751, O752, O753, O754, O755, O760, and O7711)"
2019,Level 1,OO,"Public Order, Safety and Regulatory Services",Dollars (millions),H30,Total equity and liabilities,Financial position,"1,529","ANZSIC06 division O (excluding classes O751, O752, O753, O754, O755, O760, and O7711)"
2019,Level 1,OO,"Public Order, Safety and Regulatory Services",Dollars (millions),H31,Shareholders funds or owners equity,Financial position,567,"ANZSIC06 division O (excluding classes O751, O752, O753, O754, O755, O760, and O7711)"
2019,Level 1,OO,"Public Order, Safety and Regulatory Services",Dollars (millions),H32,Current liabilities,Financial position,350,"ANZSIC06 division O (excluding classes O751, O752, O753, O754, O755, O760, and O7711)"
2019,Level 1,OO,"Public Order, Safety and Regulatory Services",Dollars (millions),H33,Other liabilities,Financial position,612,"ANZSIC06 division O (excluding classes O751, O752, O753, O754, O755, O760, and O7711)"
2019,Level 1,OO,"Public Order, Safety and Regulatory Services",Percentage,H36,Current ratio,Financial ratios,144,"ANZSIC06 division O (excluding classes O751, O752, O753, O754, O755, O760, and O7711)"
2019,Level 1,OO,"Public Order, Safety and Regulatory Services",Percentage,H37,Quick ratio,Financial ratios,137,"ANZSIC06 division O (excluding classes O751, O752, O753, O754, O755, O760, and O7711)"
2019,Level 1,OO,"Public Order, Safety and Regulatory Services",Percentage,H39,Return on equity,Financial ratios,21,"ANZSIC06 division O (excluding classes O751, O752, O753, O754, O755, O760, and O7711)"
2019,Level 1,OO,"Public Order, Safety and Regulatory Services",Percentage,H40,Return on total assets,Financial ratios,8,"ANZSIC06 division O (excluding classes O751, O752, O753, O754, O755, O760, and O7711)"
2019,Level 1,OO,"Public Order, Safety and Regulatory Services",Percentage,H41,Liabilities structure,Financial ratios,37,"ANZSIC06 division O (excluding classes O751, O752, O753, O754, O755, O760, and O7711)"
2019,Level 3,OO21,"Public Order, Safety and Regulatory Services",Dollars (millions),H01,Total income,Financial performance,"1,557",ANZSIC06 groups O771 and O772 (excluding class O7711)
2019,Level 3,OO21,"Public Order, Safety and Regulatory Services",Dollars (millions),H04,Sales of goods and services,Financial performance,"1,514",ANZSIC06 groups O771 and O772 (excluding class O7711)
2019,Level 3,OO21,"Public Order, Safety and Regulatory Services",Dollars (millions),H05,"Interest, dividends and donations",Financial performance,24,ANZSIC06 groups O771 and O772 (excluding class O7711)
2019,Level 3,OO21,"Public Order, Safety and Regulatory Services",Dollars (millions),H06,"Government funding, grants and subsidies",Financial performance,C,ANZSIC06 groups O771 and O772 (excluding class O7711)
2019,Level 3,OO21,"Public Order, Safety and Regulatory Services",Dollars (millions),H07,Non-operating income,Financial performance,C,ANZSIC06 groups O771 and O772 (excluding class O7711)
2019,Level 3,OO21,"Public Order, Safety and Regulatory Services",Dollars (millions),H08,Total expenditure,Financial performance,"1,443",ANZSIC06 groups O771 and O772 (excluding class O7711)
2019,Level 3,OO21,"Public Order, Safety and Regulatory Services",Dollars (millions),H09,Interest and donations,Financial performance,39,ANZSIC06 groups O771 and O772 (excluding class O7711)
2019,Level 3,OO21,"Public Order, Safety and Regulatory Services",Dollars (millions),H10,Indirect taxes,Financial performance,7,ANZSIC06 groups O771 and O772 (excluding class O7711)
2019,Level 3,OO21,"Public Order, Safety and Regulatory Services",Dollars (millions),H11,Depreciation,Financial performance,41,ANZSIC06 groups O771 and O772 (excluding class O7711)
2019,Level 3,OO21,"Public Order, Safety and Regulatory Services",Dollars (millions),H12,Salaries and wages paid,Financial performance,710,ANZSIC06 groups O771 and O772 (excluding class O7711)
2019,Level 3,OO21,"Public Order, Safety and Regulatory Services",Dollars (millions),H13,Redundancy and severance,Financial performance,0,ANZSIC06 groups O771 and O772 (excluding class O7711)
2019,Level 3,OO21,"Public Order, Safety and Regulatory Services",Dollars (millions),H19,Purchases and other operating expenses,Financial performance,640,ANZSIC06 groups O771 and O772 (excluding class O7711)
2019,Level 3,OO21,"Public Order, Safety and Regulatory Services",Dollars (millions),H20,Non-operating expenses,Financial performance,6,ANZSIC06 groups O771 and O772 (excluding class O7711)
2019,Level 3,OO21,"Public Order, Safety and Regulatory Services",Dollars (millions),H21,Opening stocks,Financial performance,19,ANZSIC06 groups O771 and O772 (excluding class O7711)
2019,Level 3,OO21,"Public Order, Safety and Regulatory Services",Dollars (millions),H22,Closing stocks,Financial performance,24,ANZSIC06 groups O771 and O772 (excluding class O7711)
2019,Level 3,OO21,"Public Order, Safety and Regulatory Services",Dollars (millions),H23,Surplus before income tax,Financial performance,119,ANZSIC06 groups O771 and O772 (excluding class O7711)
2019,Level 3,OO21,"Public Order, Safety and Regulatory Services",Dollars (millions),H24,Total assets,Financial position,"1,529",ANZSIC06 groups O771 and O772 (excluding class O7711)
2019,Level 3,OO21,"Public Order, Safety and Regulatory Services",Dollars (millions),H25,Current assets,Financial position,504,ANZSIC06 groups O771 and O772 (excluding class O7711)
2019,Level 3,OO21,"Public Order, Safety and Regulatory Services",Dollars (millions),H26,Fixed tangible assets,Financial position,217,ANZSIC06 groups O771 and O772 (excluding class O7711)
2019,Level 3,OO21,"Public Order, Safety and Regulatory Services",Dollars (millions),H27,Additions to fixed assets,Financial position,64,ANZSIC06 groups O771 and O772 (excluding class O7711)
2019,Level 3,OO21,"Public Order, Safety and Regulatory Services",Dollars (millions),H28,Disposals of fixed assets,Financial position,15,ANZSIC06 groups O771 and O772 (excluding class O7711)
2019,Level 3,OO21,"Public Order, Safety and Regulatory Services",Dollars (millions),H29,Other assets,Financial position,808,ANZSIC06 groups O771 and O772 (excluding class O7711)
2019,Level 3,OO21,"Public Order, Safety and Regulatory Services",Dollars (millions),H30,Total equity and liabilities,Financial position,"1,529",ANZSIC06 groups O771 and O772 (excluding class O7711)
2019,Level 3,OO21,"Public Order, Safety and Regulatory Services",Dollars (millions),H31,Shareholders funds or owners equity,Financial position,567,ANZSIC06 groups O771 and O772 (excluding class O7711)
2019,Level 3,OO21,"Public Order, Safety and Regulatory Services",Dollars (millions),H32,Current liabilities,Financial position,350,ANZSIC06 groups O771 and O772 (excluding class O7711)
2019,Level 3,OO21,"Public Order, Safety and Regulatory Services",Dollars (millions),H33,Other liabilities,Financial position,612,ANZSIC06 groups O771 and O772 (excluding class O7711)
2019,Level 3,OO21,"Public Order, Safety and Regulatory Services",Percentage,H36,Current ratio,Financial ratios,144,ANZSIC06 groups O771 and O772 (excluding class O7711)
2019,Level 3,OO21,"Public Order, Safety and Regulatory Services",Percentage,H37,Quick ratio,Financial ratios,137,ANZSIC06 groups O771 and O772 (excluding class O7711)
2019,Level 3,OO21,"Public Order, Safety and Regulatory Services",Percentage,H39,Return on equity,Financial ratios,21,ANZSIC06 groups O771 and O772 (excluding class O7711)
2019,Level 3,OO21,"Public Order, Safety and Regulatory Services",Percentage,H40,Return on total assets,Financial ratios,8,ANZSIC06 groups O771 and O772 (excluding class O7711)
2019,Level 3,OO21,"Public Order, Safety and Regulatory Services",Percentage,H41,Liabilities structure,Financial ratios,37,ANZSIC06 groups O771 and O772 (excluding class O7711)
2019,Level 4,OO213,"Public Order, Safety and Regulatory Services",Dollars (millions),H01,Total income,Financial performance,"1,557",ANZSIC06 groups O771 and O772 (excluding class O7711)
2019,Level 4,OO213,"Public Order, Safety and Regulatory Services",Dollars (millions),H04,Sales of goods and services,Financial performance,"1,514",ANZSIC06 groups O771 and O772 (excluding class O7711)
2019,Level 4,OO213,"Public Order, Safety and Regulatory Services",Dollars (millions),H05,"Interest, dividends and donations",Financial performance,24,ANZSIC06 groups O771 and O772 (excluding class O7711)
2019,Level 4,OO213,"Public Order, Safety and Regulatory Services",Dollars (millions),H06,"Government funding, grants and subsidies",Financial performance,C,ANZSIC06 groups O771 and O772 (excluding class O7711)
2019,Level 4,OO213,"Public Order, Safety and Regulatory Services",Dollars (millions),H07,Non-operating income,Financial performance,C,ANZSIC06 groups O771 and O772 (excluding class O7711)
2019,Level 4,OO213,"Public Order, Safety and Regulatory Services",Dollars (millions),H08,Total expenditure,Financial performance,"1,443",ANZSIC06 groups O771 and O772 (excluding class O7711)
2019,Level 4,OO213,"Public Order, Safety and Regulatory Services",Dollars (millions),H09,Interest and donations,Financial performance,39,ANZSIC06 groups O771 and O772 (excluding class O7711)
2019,Level 4,OO213,"Public Order, Safety and Regulatory Services",Dollars (millions),H10,Indirect taxes,Financial performance,7,ANZSIC06 groups O771 and O772 (excluding class O7711)
2019,Level 4,OO213,"Public Order, Safety and Regulatory Services",Dollars (millions),H11,Depreciation,Financial performance,41,ANZSIC06 groups O771 and O772 (excluding class O7711)
2019,Level 4,OO213,"Public Order, Safety and Regulatory Services",Dollars (millions),H12,Salaries and wages paid,Financial performance,710,ANZSIC06 groups O771 and O772 (excluding class O7711)
2019,Level 4,OO213,"Public Order, Safety and Regulatory Services",Dollars (millions),H13,Redundancy and severance,Financial performance,0,ANZSIC06 groups O771 and O772 (excluding class O7711)
2019,Level 4,OO213,"Public Order, Safety and Regulatory Services",Dollars (millions),H19,Purchases and other operating expenses,Financial performance,640,ANZSIC06 groups O771 and O772 (excluding class O7711)
2019,Level 4,OO213,"Public Order, Safety and Regulatory Services",Dollars (millions),H20,Non-operating expenses,Financial performance,6,ANZSIC06 groups O771 and O772 (excluding class O7711)
2019,Level 4,OO213,"Public Order, Safety and Regulatory Services",Dollars (millions),H21,Opening stocks,Financial performance,19,ANZSIC06 groups O771 and O772 (excluding class O7711)
2019,Level 4,OO213,"Public Order, Safety and Regulatory Services",Dollars (millions),H22,Closing stocks,Financial performance,24,ANZSIC06 groups O771 and O772 (excluding class O7711)
2019,Level 4,OO213,"Public Order, Safety and Regulatory Services",Dollars (millions),H23,Surplus before income tax,Financial performance,119,ANZSIC06 groups O771 and O772 (excluding class O7711)
2019,Level 4,OO213,"Public Order, Safety and Regulatory Services",Dollars (millions),H24,Total assets,Financial position,"1,529",ANZSIC06 groups O771 and O772 (excluding class O7711)
2019,Level 4,OO213,"Public Order, Safety and Regulatory Services",Dollars (millions),H25,Current assets,Financial position,504,ANZSIC06 groups O771 and O772 (excluding class O7711)
2019,Level 4,OO213,"Public Order, Safety and Regulatory Services",Dollars (millions),H26,Fixed tangible assets,Financial position,217,ANZSIC06 groups O771 and O772 (excluding class O7711)
2019,Level 4,OO213,"Public Order, Safety and Regulatory Services",Dollars (millions),H27,Additions to fixed assets,Financial position,64,ANZSIC06 groups O771 and O772 (excluding class O7711)
2019,Level 4,OO213,"Public Order, Safety and Regulatory Services",Dollars (millions),H28,Disposals of fixed assets,Financial position,15,ANZSIC06 groups O771 and O772 (excluding class O7711)
2019,Level 4,OO213,"Public Order, Safety and Regulatory Services",Dollars (millions),H29,Other assets,Financial position,808,ANZSIC06 groups O771 and O772 (excluding class O7711)
2019,Level 4,OO213,"Public Order, Safety and Regulatory Services",Dollars (millions),H30,Total equity and liabilities,Financial position,"1,529",ANZSIC06 groups O771 and O772 (excluding class O7711)
2019,Level 4,OO213,"Public Order, Safety and Regulatory Services",Dollars (millions),H31,Shareholders funds or owners equity,Financial position,567,ANZSIC06 groups O771 and O772 (excluding class O7711)
2019,Level 4,OO213,"Public Order, Safety and Regulatory Services",Dollars (millions),H32,Current liabilities,Financial position,350,ANZSIC06 groups O771 and O772 (excluding class O7711)
2019,Level 4,OO213,"Public Order, Safety and Regulatory Services",Dollars (millions),H33,Other liabilities,Financial position,612,ANZSIC06 groups O771 and O772 (excluding class O7711)
2019,Level 4,OO213,"Public Order, Safety and Regulatory Services",Percentage,H36,Current ratio,Financial ratios,144,ANZSIC06 groups O771 and O772 (excluding class O7711)
2019,Level 4,OO213,"Public Order, Safety and Regulatory Services",Percentage,H37,Quick ratio,Financial ratios,137,ANZSIC06 groups O771 and O772 (excluding class O7711)
2019,Level 4,OO213,"Public Order, Safety and Regulatory Services",Percentage,H39,Return on equity,Financial ratios,21,ANZSIC06 groups O771 and O772 (excluding class O7711)
2019,Level 4,OO213,"Public Order, Safety and Regulatory Services",Percentage,H40,Return on total assets,Financial ratios,8,ANZSIC06 groups O771 and O772 (excluding class O7711)
2019,Level 4,OO213,"Public Order, Safety and Regulatory Services",Percentage,H41,Liabilities structure,Financial ratios,37,ANZSIC06 groups O771 and O772 (excluding class O7711)
2019,Level 1,PP,Education and Training,Dollars (millions),H01,Total income,Financial performance,"4,917",ANZSIC06 division P
2019,Level 1,PP,Education and Training,Dollars (millions),H05,"Interest, dividends and donations",Financial performance,265,ANZSIC06 division P
2019,Level 1,PP,Education and Training,Dollars (millions),H06,"Sales, government funding, grants and subsidies",Financial performance,"4,422",ANZSIC06 division P
2019,Level 1,PP,Education and Training,Dollars (millions),H07,Non-operating income,Financial performance,230,ANZSIC06 division P
2019,Level 1,PP,Education and Training,Dollars (millions),H08,Total expenditure,Financial performance,"4,360",ANZSIC06 division P
2019,Level 1,PP,Education and Training,Dollars (millions),H09,Interest and donations,Financial performance,41,ANZSIC06 division P
2019,Level 1,PP,Education and Training,Dollars (millions),H10,Indirect taxes,Financial performance,24,ANZSIC06 division P
2019,Level 1,PP,Education and Training,Dollars (millions),H11,Depreciation,Financial performance,149,ANZSIC06 division P
2019,Level 1,PP,Education and Training,Dollars (millions),H12,Salaries and wages paid,Financial performance,"2,277",ANZSIC06 division P
2019,Level 1,PP,Education and Training,Dollars (millions),H13,Redundancy and severance,Financial performance,1,ANZSIC06 division P
2019,Level 1,PP,Education and Training,Dollars (millions),H19,Purchases and other operating expenses,Financial performance,"1,816",ANZSIC06 division P
2019,Level 1,PP,Education and Training,Dollars (millions),H20,Non-operating expenses,Financial performance,52,ANZSIC06 division P
2019,Level 1,PP,Education and Training,Dollars (millions),H21,Opening stocks,Financial performance,9,ANZSIC06 division P
2019,Level 1,PP,Education and Training,Dollars (millions),H22,Closing stocks,Financial performance,9,ANZSIC06 division P
2019,Level 1,PP,Education and Training,Dollars (millions),H23,Surplus before income tax,Financial performance,557,ANZSIC06 division P
2019,Level 1,PP,Education and Training,Dollars (millions),H24,Total assets,Financial position,"6,372",ANZSIC06 division P
2019,Level 1,PP,Education and Training,Dollars (millions),H25,Current assets,Financial position,"1,614",ANZSIC06 division P
2019,Level 1,PP,Education and Training,Dollars (millions),H26,Fixed tangible assets,Financial position,"3,111",ANZSIC06 division P
2019,Level 1,PP,Education and Training,Dollars (millions),H27,Additions to fixed assets,Financial position,297,ANZSIC06 division P
2019,Level 1,PP,Education and Training,Dollars (millions),H28,Disposals of fixed assets,Financial position,77,ANZSIC06 division P
2019,Level 1,PP,Education and Training,Dollars (millions),H29,Other assets,Financial position,"1,646",ANZSIC06 division P
2019,Level 1,PP,Education and Training,Dollars (millions),H30,Total equity and liabilities,Financial position,"6,372",ANZSIC06 division P
2019,Level 1,PP,Education and Training,Dollars (millions),H31,Shareholders funds or owners equity,Financial position,"4,314",ANZSIC06 division P
2019,Level 1,PP,Education and Training,Dollars (millions),H32,Current liabilities,Financial position,"1,469",ANZSIC06 division P
2019,Level 1,PP,Education and Training,Dollars (millions),H33,Other liabilities,Financial position,588,ANZSIC06 division P
2019,Level 1,PP,Education and Training,Percentage,H36,Current ratio,Financial ratios,110,ANZSIC06 division P
2019,Level 1,PP,Education and Training,Percentage,H37,Quick ratio,Financial ratios,109,ANZSIC06 division P
2019,Level 1,PP,Education and Training,Percentage,H39,Return on equity,Financial ratios,13,ANZSIC06 division P
2019,Level 1,PP,Education and Training,Percentage,H40,Return on total assets,Financial ratios,9,ANZSIC06 division P
2019,Level 1,PP,Education and Training,Percentage,H41,Liabilities structure,Financial ratios,68,ANZSIC06 division P
2019,Level 4,PP111,Preschool Education,Dollars (millions),H01,Total income,Financial performance,"1,474",ANZSIC06 group P801
2019,Level 4,PP111,Preschool Education,Dollars (millions),H05,"Interest, dividends and donations",Financial performance,79,ANZSIC06 group P801
2019,Level 4,PP111,Preschool Education,Dollars (millions),H06,"Sales, government funding, grants and subsidies",Financial performance,"1,393",ANZSIC06 group P801
2019,Level 4,PP111,Preschool Education,Dollars (millions),H07,Non-operating income,Financial performance,2,ANZSIC06 group P801
2019,Level 4,PP111,Preschool Education,Dollars (millions),H08,Total expenditure,Financial performance,"1,389",ANZSIC06 group P801
2019,Level 4,PP111,Preschool Education,Dollars (millions),H09,Interest and donations,Financial performance,17,ANZSIC06 group P801
2019,Level 4,PP111,Preschool Education,Dollars (millions),H10,Indirect taxes,Financial performance,14,ANZSIC06 group P801
2019,Level 4,PP111,Preschool Education,Dollars (millions),H11,Depreciation,Financial performance,38,ANZSIC06 group P801
2019,Level 4,PP111,Preschool Education,Dollars (millions),H12,Salaries and wages paid,Financial performance,873,ANZSIC06 group P801
2019,Level 4,PP111,Preschool Education,Dollars (millions),H13,Redundancy and severance,Financial performance,0,ANZSIC06 group P801
2019,Level 4,PP111,Preschool Education,Dollars (millions),H19,Purchases and other operating expenses,Financial performance,435,ANZSIC06 group P801
2019,Level 4,PP111,Preschool Education,Dollars (millions),H20,Non-operating expenses,Financial performance,12,ANZSIC06 group P801
2019,Level 4,PP111,Preschool Education,Dollars (millions),H21,Opening stocks,Financial performance,1,ANZSIC06 group P801
2019,Level 4,PP111,Preschool Education,Dollars (millions),H22,Closing stocks,Financial performance,1,ANZSIC06 group P801
2019,Level 4,PP111,Preschool Education,Dollars (millions),H23,Surplus before income tax,Financial performance,86,ANZSIC06 group P801
2019,Level 4,PP111,Preschool Education,Dollars (millions),H24,Total assets,Financial position,"1,416",ANZSIC06 group P801
2019,Level 4,PP111,Preschool Education,Dollars (millions),H25,Current assets,Financial position,393,ANZSIC06 group P801
2019,Level 4,PP111,Preschool Education,Dollars (millions),H26,Fixed tangible assets,Financial position,652,ANZSIC06 group P801
2019,Level 4,PP111,Preschool Education,Dollars (millions),H27,Additions to fixed assets,Financial position,88,ANZSIC06 group P801
2019,Level 4,PP111,Preschool Education,Dollars (millions),H28,Disposals of fixed assets,Financial position,22,ANZSIC06 group P801
2019,Level 4,PP111,Preschool Education,Dollars (millions),H29,Other assets,Financial position,370,ANZSIC06 group P801
2019,Level 4,PP111,Preschool Education,Dollars (millions),H30,Total equity and liabilities,Financial position,"1,416",ANZSIC06 group P801
2019,Level 4,PP111,Preschool Education,Dollars (millions),H31,Shareholders funds or owners equity,Financial position,699,ANZSIC06 group P801
2019,Level 4,PP111,Preschool Education,Dollars (millions),H32,Current liabilities,Financial position,474,ANZSIC06 group P801
2019,Level 4,PP111,Preschool Education,Dollars (millions),H33,Other liabilities,Financial position,243,ANZSIC06 group P801
2019,Level 4,PP111,Preschool Education,Percentage,H36,Current ratio,Financial ratios,83,ANZSIC06 group P801
2019,Level 4,PP111,Preschool Education,Percentage,H37,Quick ratio,Financial ratios,83,ANZSIC06 group P801
2019,Level 4,PP111,Preschool Education,Percentage,H39,Return on equity,Financial ratios,12,ANZSIC06 group P801
2019,Level 4,PP111,Preschool Education,Percentage,H40,Return on total assets,Financial ratios,6,ANZSIC06 group P801
2019,Level 4,PP111,Preschool Education,Percentage,H41,Liabilities structure,Financial ratios,49,ANZSIC06 group P801
2019,Level 4,PP112,School Education,Dollars (millions),H01,Total income,Financial performance,949,ANZSIC06 group P802
2019,Level 4,PP112,School Education,Dollars (millions),H05,"Interest, dividends and donations",Financial performance,59,ANZSIC06 group P802
2019,Level 4,PP112,School Education,Dollars (millions),H06,"Sales, government funding, grants and subsidies",Financial performance,674,ANZSIC06 group P802
2019,Level 4,PP112,School Education,Dollars (millions),H07,Non-operating income,Financial performance,216,ANZSIC06 group P802
2019,Level 4,PP112,School Education,Dollars (millions),H08,Total expenditure,Financial performance,698,ANZSIC06 group P802
2019,Level 4,PP112,School Education,Dollars (millions),H09,Interest and donations,Financial performance,7,ANZSIC06 group P802
2019,Level 4,PP112,School Education,Dollars (millions),H10,Indirect taxes,Financial performance,1,ANZSIC06 group P802
2019,Level 4,PP112,School Education,Dollars (millions),H11,Depreciation,Financial performance,49,ANZSIC06 group P802
2019,Level 4,PP112,School Education,Dollars (millions),H12,Salaries and wages paid,Financial performance,381,ANZSIC06 group P802
2019,Level 4,PP112,School Education,Dollars (millions),H13,Redundancy and severance,Financial performance,0,ANZSIC06 group P802
2019,Level 4,PP112,School Education,Dollars (millions),H19,Purchases and other operating expenses,Financial performance,242,ANZSIC06 group P802
2019,Level 4,PP112,School Education,Dollars (millions),H20,Non-operating expenses,Financial performance,17,ANZSIC06 group P802
2019,Level 4,PP112,School Education,Dollars (millions),H21,Opening stocks,Financial performance,1,ANZSIC06 group P802
2019,Level 4,PP112,School Education,Dollars (millions),H22,Closing stocks,Financial performance,1,ANZSIC06 group P802
2019,Level 4,PP112,School Education,Dollars (millions),H23,Surplus before income tax,Financial performance,251,ANZSIC06 group P802
2019,Level 4,PP112,School Education,Dollars (millions),H24,Total assets,Financial position,"2,738",ANZSIC06 group P802
2019,Level 4,PP112,School Education,Dollars (millions),H25,Current assets,Financial position,197,ANZSIC06 group P802
2019,Level 4,PP112,School Education,Dollars (millions),H26,Fixed tangible assets,Financial position,"1,681",ANZSIC06 group P802
2019,Level 4,PP112,School Education,Dollars (millions),H27,Additions to fixed assets,Financial position,86,ANZSIC06 group P802
2019,Level 4,PP112,School Education,Dollars (millions),H28,Disposals of fixed assets,Financial position,20,ANZSIC06 group P802
2019,Level 4,PP112,School Education,Dollars (millions),H29,Other assets,Financial position,861,ANZSIC06 group P802
2019,Level 4,PP112,School Education,Dollars (millions),H30,Total equity and liabilities,Financial position,"2,738",ANZSIC06 group P802
2019,Level 4,PP112,School Education,Dollars (millions),H31,Shareholders funds or owners equity,Financial position,"2,338",ANZSIC06 group P802
2019,Level 4,PP112,School Education,Dollars (millions),H32,Current liabilities,Financial position,243,ANZSIC06 group P802
2019,Level 4,PP112,School Education,Dollars (millions),H33,Other liabilities,Financial position,158,ANZSIC06 group P802
2019,Level 4,PP112,School Education,Percentage,H36,Current ratio,Financial ratios,81,ANZSIC06 group P802
2019,Level 4,PP112,School Education,Percentage,H37,Quick ratio,Financial ratios,81,ANZSIC06 group P802
2019,Level 4,PP112,School Education,Percentage,H39,Return on equity,Financial ratios,11,ANZSIC06 group P802
2019,Level 4,PP112,School Education,Percentage,H40,Return on total assets,Financial ratios,9,ANZSIC06 group P802
2019,Level 4,PP112,School Education,Percentage,H41,Liabilities structure,Financial ratios,85,ANZSIC06 group P802
2019,Level 4,PP113,Tertiary Education,Dollars (millions),H01,Total income,Financial performance,828,ANZSIC06 group P810
2019,Level 4,PP113,Tertiary Education,Dollars (millions),H05,"Interest, dividends and donations",Financial performance,21,ANZSIC06 group P810
2019,Level 4,PP113,Tertiary Education,Dollars (millions),H06,"Sales, government funding, grants and subsidies",Financial performance,805,ANZSIC06 group P810
2019,Level 4,PP113,Tertiary Education,Dollars (millions),H07,Non-operating income,Financial performance,2,ANZSIC06 group P810
2019,Level 4,PP113,Tertiary Education,Dollars (millions),H08,Total expenditure,Financial performance,762,ANZSIC06 group P810
2019,Level 4,PP113,Tertiary Education,Dollars (millions),H09,Interest and donations,Financial performance,4,ANZSIC06 group P810
2019,Level 4,PP113,Tertiary Education,Dollars (millions),H10,Indirect taxes,Financial performance,2,ANZSIC06 group P810
2019,Level 4,PP113,Tertiary Education,Dollars (millions),H11,Depreciation,Financial performance,19,ANZSIC06 group P810
2019,Level 4,PP113,Tertiary Education,Dollars (millions),H12,Salaries and wages paid,Financial performance,397,ANZSIC06 group P810
2019,Level 4,PP113,Tertiary Education,Dollars (millions),H13,Redundancy and severance,Financial performance,0,ANZSIC06 group P810
2019,Level 4,PP113,Tertiary Education,Dollars (millions),H19,Purchases and other operating expenses,Financial performance,335,ANZSIC06 group P810
2019,Level 4,PP113,Tertiary Education,Dollars (millions),H20,Non-operating expenses,Financial performance,6,ANZSIC06 group P810
2019,Level 4,PP113,Tertiary Education,Dollars (millions),H21,Opening stocks,Financial performance,0,ANZSIC06 group P810
2019,Level 4,PP113,Tertiary Education,Dollars (millions),H22,Closing stocks,Financial performance,0,ANZSIC06 group P810
2019,Level 4,PP113,Tertiary Education,Dollars (millions),H23,Surplus before income tax,Financial performance,66,ANZSIC06 group P810
2019,Level 4,PP113,Tertiary Education,Dollars (millions),H24,Total assets,Financial position,692,ANZSIC06 group P810
2019,Level 4,PP113,Tertiary Education,Dollars (millions),H25,Current assets,Financial position,371,ANZSIC06 group P810
2019,Level 4,PP113,Tertiary Education,Dollars (millions),H26,Fixed tangible assets,Financial position,188,ANZSIC06 group P810
2019,Level 4,PP113,Tertiary Education,Dollars (millions),H27,Additions to fixed assets,Financial position,29,ANZSIC06 group P810
2019,Level 4,PP113,Tertiary Education,Dollars (millions),H28,Disposals of fixed assets,Financial position,14,ANZSIC06 group P810
2019,Level 4,PP113,Tertiary Education,Dollars (millions),H29,Other assets,Financial position,133,ANZSIC06 group P810
2019,Level 4,PP113,Tertiary Education,Dollars (millions),H30,Total equity and liabilities,Financial position,692,ANZSIC06 group P810
2019,Level 4,PP113,Tertiary Education,Dollars (millions),H31,Shareholders funds or owners equity,Financial position,395,ANZSIC06 group P810
2019,Level 4,PP113,Tertiary Education,Dollars (millions),H32,Current liabilities,Financial position,232,ANZSIC06 group P810
2019,Level 4,PP113,Tertiary Education,Dollars (millions),H33,Other liabilities,Financial position,65,ANZSIC06 group P810
2019,Level 4,PP113,Tertiary Education,Percentage,H36,Current ratio,Financial ratios,160,ANZSIC06 group P810
2019,Level 4,PP113,Tertiary Education,Percentage,H37,Quick ratio,Financial ratios,160,ANZSIC06 group P810
2019,Level 4,PP113,Tertiary Education,Percentage,H39,Return on equity,Financial ratios,17,ANZSIC06 group P810
2019,Level 4,PP113,Tertiary Education,Percentage,H40,Return on total assets,Financial ratios,10,ANZSIC06 group P810
2019,Level 4,PP113,Tertiary Education,Percentage,H41,Liabilities structure,Financial ratios,57,ANZSIC06 group P810
2019,Level 4,PP114,"Adult, Community and Other Education",Dollars (millions),H01,Total income,Financial performance,"1,666",ANZSIC06 groups P821 and P822
2019,Level 4,PP114,"Adult, Community and Other Education",Dollars (millions),H05,"Interest, dividends and donations",Financial performance,106,ANZSIC06 groups P821 and P822
2019,Level 4,PP114,"Adult, Community and Other Education",Dollars (millions),H06,"Sales, government funding, grants and subsidies",Financial performance,"1,550",ANZSIC06 groups P821 and P822
2019,Level 4,PP114,"Adult, Community and Other Education",Dollars (millions),H07,Non-operating income,Financial performance,10,ANZSIC06 groups P821 and P822
2019,Level 4,PP114,"Adult, Community and Other Education",Dollars (millions),H08,Total expenditure,Financial performance,"1,512",ANZSIC06 groups P821 and P822
2019,Level 4,PP114,"Adult, Community and Other Education",Dollars (millions),H09,Interest and donations,Financial performance,14,ANZSIC06 groups P821 and P822
2019,Level 4,PP114,"Adult, Community and Other Education",Dollars (millions),H10,Indirect taxes,Financial performance,7,ANZSIC06 groups P821 and P822
2019,Level 4,PP114,"Adult, Community and Other Education",Dollars (millions),H11,Depreciation,Financial performance,44,ANZSIC06 groups P821 and P822
2019,Level 4,PP114,"Adult, Community and Other Education",Dollars (millions),H12,Salaries and wages paid,Financial performance,627,ANZSIC06 groups P821 and P822
2019,Level 4,PP114,"Adult, Community and Other Education",Dollars (millions),H13,Redundancy and severance,Financial performance,0,ANZSIC06 groups P821 and P822
2019,Level 4,PP114,"Adult, Community and Other Education",Dollars (millions),H19,Purchases and other operating expenses,Financial performance,804,ANZSIC06 groups P821 and P822
2019,Level 4,PP114,"Adult, Community and Other Education",Dollars (millions),H20,Non-operating expenses,Financial performance,16,ANZSIC06 groups P821 and P822
2019,Level 4,PP114,"Adult, Community and Other Education",Dollars (millions),H21,Opening stocks,Financial performance,7,ANZSIC06 groups P821 and P822
2019,Level 4,PP114,"Adult, Community and Other Education",Dollars (millions),H22,Closing stocks,Financial performance,7,ANZSIC06 groups P821 and P822
2019,Level 4,PP114,"Adult, Community and Other Education",Dollars (millions),H23,Surplus before income tax,Financial performance,154,ANZSIC06 groups P821 and P822
2019,Level 4,PP114,"Adult, Community and Other Education",Dollars (millions),H24,Total assets,Financial position,"1,526",ANZSIC06 groups P821 and P822
2019,Level 4,PP114,"Adult, Community and Other Education",Dollars (millions),H25,Current assets,Financial position,653,ANZSIC06 groups P821 and P822
2019,Level 4,PP114,"Adult, Community and Other Education",Dollars (millions),H26,Fixed tangible assets,Financial position,590,ANZSIC06 groups P821 and P822
2019,Level 4,PP114,"Adult, Community and Other Education",Dollars (millions),H27,Additions to fixed assets,Financial position,94,ANZSIC06 groups P821 and P822
2019,Level 4,PP114,"Adult, Community and Other Education",Dollars (millions),H28,Disposals of fixed assets,Financial position,20,ANZSIC06 groups P821 and P822
2019,Level 4,PP114,"Adult, Community and Other Education",Dollars (millions),H29,Other assets,Financial position,282,ANZSIC06 groups P821 and P822
2019,Level 4,PP114,"Adult, Community and Other Education",Dollars (millions),H30,Total equity and liabilities,Financial position,"1,526",ANZSIC06 groups P821 and P822
2019,Level 4,PP114,"Adult, Community and Other Education",Dollars (millions),H31,Shareholders funds or owners equity,Financial position,882,ANZSIC06 groups P821 and P822
2019,Level 4,PP114,"Adult, Community and Other Education",Dollars (millions),H32,Current liabilities,Financial position,520,ANZSIC06 groups P821 and P822
2019,Level 4,PP114,"Adult, Community and Other Education",Dollars (millions),H33,Other liabilities,Financial position,123,ANZSIC06 groups P821 and P822
2019,Level 4,PP114,"Adult, Community and Other Education",Percentage,H36,Current ratio,Financial ratios,126,ANZSIC06 groups P821 and P822
2019,Level 4,PP114,"Adult, Community and Other Education",Percentage,H37,Quick ratio,Financial ratios,124,ANZSIC06 groups P821 and P822
2019,Level 4,PP114,"Adult, Community and Other Education",Percentage,H39,Return on equity,Financial ratios,17,ANZSIC06 groups P821 and P822
2019,Level 4,PP114,"Adult, Community and Other Education",Percentage,H40,Return on total assets,Financial ratios,10,ANZSIC06 groups P821 and P822
2019,Level 4,PP114,"Adult, Community and Other Education",Percentage,H41,Liabilities structure,Financial ratios,58,ANZSIC06 groups P821 and P822
2019,Level 1,QQ,Health Care and Social Assistance,Dollars (millions),H01,Total income,Financial performance,"18,887",ANZSIC06 division Q
2019,Level 1,QQ,Health Care and Social Assistance,Dollars (millions),H05,"Interest, dividends and donations",Financial performance,681,ANZSIC06 division Q
2019,Level 1,QQ,Health Care and Social Assistance,Dollars (millions),H06,"Sales, government funding, grants and subsidies",Financial performance,"17,894",ANZSIC06 division Q
2019,Level 1,QQ,Health Care and Social Assistance,Dollars (millions),H07,Non-operating income,Financial performance,312,ANZSIC06 division Q
2019,Level 1,QQ,Health Care and Social Assistance,Dollars (millions),H08,Total expenditure,Financial performance,"16,546",ANZSIC06 division Q
2019,Level 1,QQ,Health Care and Social Assistance,Dollars (millions),H09,Interest and donations,Financial performance,187,ANZSIC06 division Q
2019,Level 1,QQ,Health Care and Social Assistance,Dollars (millions),H10,Indirect taxes,Financial performance,77,ANZSIC06 division Q
2019,Level 1,QQ,Health Care and Social Assistance,Dollars (millions),H11,Depreciation,Financial performance,427,ANZSIC06 division Q
2019,Level 1,QQ,Health Care and Social Assistance,Dollars (millions),H12,Salaries and wages paid,Financial performance,"7,848",ANZSIC06 division Q
2019,Level 1,QQ,Health Care and Social Assistance,Dollars (millions),H13,Redundancy and severance,Financial performance,13,ANZSIC06 division Q
